Tweet_ID,Timestamp,Username,Tweet_Text,Tweet_URL
1891568614907543605,Mon Feb 17 19:21:16 +0000 2025,CasInvestments,"Also, $TSLA open sourced their EVs around this time because they were DESPERATE for companies to adopt their tech so the charging stations could be a shared cost.

$NIO is already the world‚Äôs swap station leader and has more charging stations in China than $BYD &amp; Tesla COMBINEDü•Ç",https://x.com/CasInvestments/status/1891568614907543605
1891568603700269515,Mon Feb 17 19:21:13 +0000 2025,teslasimulator,"@lindayaX Game changer üéÆ 
$TSLA https://t.co/Gan8N3Da79",https://x.com/teslasimulator/status/1891568603700269515
1891568246668595569,Mon Feb 17 19:19:48 +0000 2025,zeyadaljanaby,"The fastest way to improve your game? 
Clearer communication. 
ONEI makes it happen.

$TSLA  #HalfTimeShow $BBAI $PLTR #RawOnNetflix $SMCI $INTC #TheBachelor #WWERaw $NVDA https://t.co/XqzLdF4nhR",https://x.com/zeyadaljanaby/status/1891568246668595569
1891568216788361474,Mon Feb 17 19:19:41 +0000 2025,TomAdam42241521,"Why  politicians do NOT STAND with AMERICA üá∫üá∏ ?
.
$TSLA $QQQ $NFLX BTC Bitcoin $AAPL $SNOW $META $ARKK $GOOG $AMD $AVGO $MSFT $AMZN Trump &amp; Republicans &amp; Democrats MAGA",https://x.com/TomAdam42241521/status/1891568216788361474
1891568178699845917,Mon Feb 17 19:19:32 +0000 2025,Libs4Canada,Boycott $TSLA,https://x.com/Libs4Canada/status/1891568178699845917
1891568131874882042,Mon Feb 17 19:19:20 +0000 2025,TradeExpert485,$TSLA Here we go üöÄüí•‚û°Ô∏è https://t.co/yPVUODXJhM,https://x.com/TradeExpert485/status/1891568131874882042
